Workbook
Name aaa: {"'Sheet1'!$A$1:$I$153"}
Name aaaa: {"'帳票一覧'!$A$1:$E$86"}
Name HTML_CodePage: 932
Name HTML_Control: {"'帳票一覧'!$A$1:$E$86"}
Name HTML_Control2: {"'Sheet1'!$A$1:$I$153"}
Name HTML_Description: ""
Name HTML_Email: ""
Name HTML_Header: "帳票一覧"
Name HTML_LastUpdate: "99/01/14"
Name HTML_LineAfter: FALSE
Name HTML_LineBefore: FALSE
Name HTML_Name: "北澤真弓"
Name HTML_OBDlg2: TRUE
Name HTML_OBDlg4: TRUE
Name HTML_OS: 0
Name HTML_PathFile: "C:\USR\LISTVIEW帳票\帳票一覧.htm"
Name HTML_Title: "総括表"
Name Module: [1]c1!$A$11:$A$30
Name ObjectType: [2]c1!$A$1:$A$7
Name SAPBEXrevision: 1
Name SAPBEXsysID: "HA3"
Name SAPBEXwbID: "3UO1SYYEF96FKJ4L64UVYYKHM"
Name SSSS: {"'Sheet1'!$A$1:$I$153"}
Name あ: {"'Sheet1'!$A$1:$I$153"}
Name 番号: [3]型TB!#REF!
Name SYMBOL: #REF!
Name KEYS: #REF!
Name NAMES: #REF!
Name DS_NM: #REF!
Name TBL_KEYS: #REF!
Name BASE2: #REF!
Name 物流DF_KEYS: #REF!
Name BASE: #REF!
Name NEC_KEYS: #REF!
Name A: #REF!
Name TBL_KEYS2: #REF!
Name 店舗DF_KEYS: #REF!
Name DS_KEYS: #REF!

Sheet Cover
A1: F
B8: FUNCTION TEST
I11: Module | N11: SD | U11: Module Name | Z11: Customer Ranking / Loyalty
I12: Function ID | N12: ZCL_CUST_RANK_YTD_CDS
I13: Function Name | N13: Customer Rank YTD Processing and Notification
I14: Created Date | N14: 46132 | U14: Last Update Date | Z14: 46141
U18: Approver | Z18: Reviewer | AE18: Creator
Z19: DucNM | AE19: DatNV

Sheet Histories
B2: No | C2: Version | D2: Description | E2: Sheet | F2: Modified date | G2: Modified by
B3: 1 | C3: 1.0 | D3: Initial creation | E3: All | F3: 46132 | G3: DatNV
B4: =B3+1 -> 2
B5: =B4+1 -> 3
B6: =B5+1 -> 4
B7: =B6+1 -> 5
B8: =B7+1 -> 6
B9: =B8+1 -> 7
B10: =B9+1 -> 8
B11: =B10+1 -> 9
B12: =B11+1 -> 10
B13: =B12+1 -> 11
B14: =B13+1 -> 12
B15: =B14+1 -> 13
... B27: =B26+1 -> 25

Sheet FT
B2: Function ID | L2: Function Name | AO2: Created/Updated by | AX2: Created date | BE2: Reviewed by | BL2: Reviewed Date
B3: =Cover!N12 -> ZCL_CUST_RANK_YTD_CDS | L3: =Cover!N13 -> Customer Rank YTD Processing and Notification | AO3: DatNV | AX3: 25/04/2026 | BE3: 46270 | BL3: =Cover!Z14 -> 46141
B6: NO. | E6: Test Contents | BX6: Test Results | CL6: Remarks
E7: Test Cases | Q7: Sub No | S7: Sub Test Case | AN7: Predicted Test Results | BF7: Actual Test Results | BX7: Tester | CD7: Test Date | CJ7: Result
B8: A. Scope / Preparation
B9: 1.0 | E9: Date initialization | Q9: 1.0 | S9: Run the class on a normal business day inside the fiscal year. | AN9: MV_YEAR, MV_DATE_FROM (YYYY0101), MV_DATE_TO, MV_YEAR_END (YYYY1231), and MV_NEXT_DAY are derived correctly from SY-DATUM. | BF9: MV_YEAR2026MV_DATE_FROM20260101MV_DATE_TO20260430MV_YEAR_END20261231MV_NEXT_YEAR2027MV_NEXT_DAY20270101 | BX9: DatNV | CD9: 25/04/2026 | CJ9: O | CL9: Test Result(A1)
Q10: 2.0 | S10: Run the class on the last day of the year (YYYY1231). | AN10: The class derives the year-end date correctly and marks the process for year-end rollover execution. | BF10: MV_YEAR_END = 20261231 = MV_RDATE → IF condition in RUN = TRUE → PROCESS_YEAR_END_ROLLOVER is called. Verify using a breakpoint at process_year_end_rollover() | BX10: DatNV | CD10: 25/04/2026 | CJ10: O
B11: 2.0 | E11: Configuration and sales loading | Q11: 1.0 | S11: Load active rank configuration and customer sales from CDS. | AN11: Only ACTIVE = X rank rows are loaded, sorted by DOWN_LIMIT ascending, and YTD sales are read from CDS for company code VTC1. | BX11: DatNV | CD11: 25/04/2026 | CJ11: O | CL11: Test Result (A2)
B12: B. Logic
B13: 1.0 | E13: Rank determination and validation | Q13: 1.0 | S13: Customer has no matching active rank configuration for the amount/currency. | AN13: No rank is returned by DETERMINE_RANK and the customer is skipped without DB update. | BF13: IF ls_rank_new IS INITIAL. RETURN. ENDIF. is executed → RETURN immediately. No INSERT/MODIFY to ZTB_CUST_RANK, no logs are written. | BX13: DatNV | CD13: 25/04/2026 | CJ13: O | CL13: Test Result (B1)
Q14: 2.0 | S14: Customer has more than one sales line / currency in the grouped input. | AN14: The class saves log event ERROR_MULTI_CURRENCY with status ERROR and skips further processing for that customer. | BF14: SAVE_LOG is called with iv_event_type = 'ERROR_MULTI_CURRENCY', iv_status = 'ERROR' Then it RETURN immediately, without further processing. | BX14: DatNV | CD14: 25/04/2026 | CJ14: O
Q15: 3.0 | S15: Rank configuration currency differs from the customer sales currency. | AN15: The mismatching rank configuration rows are ignored during DETERMINE_RANK processing. | BF15: Rank configs with different currencies are ignored. Only rank configs where LIMIT_UNIT = IV_WAERS (or LIMIT_UNIT IS INITIAL) are considered. | BX15: DatNV | CD15: 25/04/2026 | CJ15: O
B16: 2.0 | E16: New customer processing | Q16: 1.0 | S16: Process a customer that does not yet exist in ZTB_CUST_RANK. | AN16: A new record is inserted with customer, rank, amount, currency, year, validity dates, ACTIVE = X, and default flags. | BF16: CUSTOMER_ID Customer ID tested RANK_ID Rank corresponding to totalamount from CD TOTAL_AMOUNT = totalamount from CD ACTIVEXIS_FIXEDspace VALID_FROM20260101 (beginning of year) VALID_TO99991231 ACC_YEAR2026 SECURED_RANK_IDspace | BX16: DatNV | CD16: 25/04/2026 | CJ16: O | CL16: Test Result (B2)
Q17: 2.0 | S17: Verify logging for new customer creation. | AN17: SAVE_LOG writes event ADD_CUSTOMER with new rank, amount, currency, and status SUCCESS. | BF17: EVENT_TYPEADD_CUSTOMEROLD_RANKspaceNEW_RANKrank mới được gánOLD_AMOUNT0 / spaceNEW_AMOUNTtotalamountSTATUSSUCCESS | BX17: DatNV | CD17: 25/04/2026 | CJ17: O
Q18: 3.0 | S18: Verify notification for new customer ranking. | AN18: Email notification is triggered with template Z_EMAIL_CUST_RANK_UPGRADE and subject for rank upgrade. | BF18: Method SEND_EMAIL_NOTIFICATION is called with: IV_TEMPLATE = 'Z_EMAIL_CUST_RANK_UPGRADE' IV_SUBJECT = 'You've leveled up! Check out your new rank.' IV_EMAIL_TYPE = 'UR' | BX18: DatNV | CD18: 25/04/2026 | CJ18: O
B19: 3.0 | E19: Existing customer update | Q19: 1.0 | S19: Existing customer amount changes but the calculated rank does not change. | AN19: The class updates TOTAL_AMOUNT only, writes UPDATE CUSTOMER AMOUNT log, and sends the amount-update email template. | BF19: ZTB_CUST_RANK: TOTAL_AMOUNT is updated, RANK_ID remains the same Log: EVENT_TYPE = 'UPDATE CUSTOMER AMOUNT', OLD_RANK = NEW_RANK Email to send template Z_EMAIL_RANK_POINT_UPGRADE, subject 'Your tier points have been updated.' | BX19: DatNV | CD19: 25/04/2026 | CJ19: O
Q20: 2.0 | S20: Existing customer is fixed-rank (IS_FIXED = X) and amount changes. | AN20: The class updates amount only, retains the current rank, writes success log, and does not downgrade/upgrade the fixed rank. | BF20: RANK_ID in ZTB_CUST_RANK remains unchanged TOTAL_AMOUNT is updated Log: EVENT_TYPE = 'UPDATE CUSTOMER AMOUNT', OLD_RANK = NEW_RANK (rank remains unchanged) Email template amount update (not rank upgrade) | BX20: DatNV | CD20: 25/04/2026 | CJ20: O
Q21: 3.0 | S21: Existing customer amount crosses threshold to another rank. | AN21: The class should update RANK_ID in ZTB_CUST_RANK, write UPDATE CUSTOMER RANK log, and send the rank-update email template. | BF21: ZTB_CUST_RANK: RANK_ID = new rank (Silver), TOTAL_AMOUNT = new amount Log: EVENT_TYPE = 'UPDATE CUSTOMER RANk', OLD_RANK = Bronze, NEW_RANK = Silver Email template Z_EMAIL_CUST_RANK_UPGRADE, subject 'Your rank was updated! Check out your new rank.' After MODIFY → RETURN now (don't run anything else) | BX21: DatNV | CD21: 25/04/2026 | CJ21: O
B22: 4.0 | E22: Year-end rollover and logging | Q22: 1.0 | S22: Run rollover for an active non-fixed customer on year end. | AN22: The class resets TOTAL_AMOUNT to 0, clears current RANK_ID, and moves the current rank into SECURED_RANK_ID. | BF22: SECURED_RANK_ID= old rank before rollover (old RANK_ID)RANK_IDspace (reset)TOTAL_AMOUNT0 (reset) | BX22: DatNV | CD22: 25/04/2026 | CJ22: O
Q23: 2.0 | S23: Verify accounting year and validity update during rollover. | AN23: ACC_YEAR becomes next year, VALID_FROM becomes first day of next year, and VALID_TO stays 99991231. | BF23: FieldValueACC_YEAR2027 (= MV_NEXT_YEAR)VALID_FROM20270101 (= MV_NEXT_DAY)VALID_TO99991231 (keep the same) | BX23: DatNV | CD23: 25/04/2026 | CJ23: O
Q24: 3.0 | S24: Run rollover for a fixed-rank customer. | AN24: The fixed-rank customer is skipped and no rollover update is performed. | BF24: The ZTB_CUST_RANK of the fixed customer remains unchanged after the rollover. There is no YEAR_END_ROLLOVER log for that customer. | BX24: DatNV | CD24: 25/04/2026 | CJ24: O
Q25: 4.0 | S25: Verify logging for year-end rollover. | AN25: SAVE_LOG writes event YEAR_END_ROLLOVER with status SUCCESS for each processed non-fixed customer. | BF25: EVENT_TYPEYEAR_END_ROLLOVEROLD_RANKSECURED_RANK_ID (old before rollover)NEW_RANKSECURED_RANK_ID (new rank from the past year)OLD_AMOUNT0 (because ls_state-total_amount was set to 0 before save_log)NEW_AMOUNT0STATUSSUCCESS | BX25: DatNV | CD25: 25/04/2026 | CJ25: O
B28: Note | E28: Column "Actual Test Results" and all "Test Result(...)" sheets are reserved for execution evidence during SIT/UAT.

Sheet Test Result(A1)
B2: Function ID | L2: Function Name | AO2: Created/Updated by | AX2: Created date | BE2: Reviewed by | BL2: Reviewed Date
B3: =Cover!N12 -> ZCL_CUST_RANK_YTD_CDS | L3: =Cover!N13 -> Customer Rank YTD Processing and Notification | AO3: DatNV | AX3: 25/04/2026 | BE3: DucNM | BL3: =Cover!Z14 -> 46141
B6: Execution Evidence | L6: Section A1 execution screenshots / logs
B7: Use this sheet to paste screenshots, logs, DB verification output, or email evidence during SIT/UAT.

Sheet Test Result(A2)
B2: Function ID | L2: Function Name | AO2: Created/Updated by | AX2: Created date | BE2: Reviewed by | BL2: Reviewed Date
B3: =Cover!N12 -> ZCL_CUST_RANK_YTD_CDS | L3: =Cover!N13 -> Customer Rank YTD Processing and Notification | AO3: DatNV | AX3: 25/04/2026 | BE3: DucNM | BL3: =Cover!Z14 -> 46141
B6: Execution Evidence | L6: Section A2 execution screenshots / logs
B7: Use this sheet to paste screenshots, logs, DB verification output, or email evidence during SIT/UAT.

Sheet Test Result(B1)
B2: Function ID | L2: Function Name | AO2: Created/Updated by | AX2: Created date | BE2: Reviewed by | BL2: Reviewed Date
B3: =Cover!N12 -> ZCL_CUST_RANK_YTD_CDS | L3: =Cover!N13 -> Customer Rank YTD Processing and Notification | AO3: DatNV | AX3: 25/04/2026 | BE3: DucNM | BL3: =Cover!Z14 -> 46141
B6: Execution Evidence | L6: Section B1 execution screenshots / logs
B7: Use this sheet to paste screenshots, logs, DB verification output, or email evidence during SIT/UAT.

Sheet Test Result(B2)
B2: Function ID | L2: Function Name | AO2: Created/Updated by | AX2: Created date | BE2: Reviewed by | BL2: Reviewed Date
B3: =Cover!N12 -> ZCL_CUST_RANK_YTD_CDS | L3: =Cover!N13 -> Customer Rank YTD Processing and Notification | AO3: DatNV | AX3: 25/04/2026 | BE3: DucNM | BL3: =Cover!Z14 -> 46141
B6: Execution Evidence | L6: Section B2 execution screenshots / logs
B7: Use this sheet to paste screenshots, logs, DB verification output, or email evidence during SIT/UAT.

Sheet Test Result(B3)
B2: Function ID | L2: Function Name | AO2: Created/Updated by | AX2: Created date | BE2: Reviewed by | BL2: Reviewed Date
B3: =Cover!N12 -> ZCL_CUST_RANK_YTD_CDS | L3: =Cover!N13 -> Customer Rank YTD Processing and Notification | AO3: DatNV | AX3: 25/04/2026 | BE3: DucNM | BL3: =Cover!Z14 -> 46141
B6: Execution Evidence | L6: Section B3 execution screenshots / logs
B7: Use this sheet to paste screenshots, logs, DB verification output, or email evidence during SIT/UAT.

Sheet Test Result(B4)
B2: Function ID | L2: Function Name | AO2: Created/Updated by | AX2: Created date | BE2: Reviewed by | BL2: Reviewed Date
B3: =Cover!N12 -> ZCL_CUST_RANK_YTD_CDS | L3: =Cover!N13 -> Customer Rank YTD Processing and Notification | AO3: DatNV | AX3: 25/04/2026 | BE3: DucNM | BL3: =Cover!Z14 -> 46141
B6: Execution Evidence | L6: Section B4 execution screenshots / logs
B7: Use this sheet to paste screenshots, logs, DB verification output, or email evidence during SIT/UAT.
