Workbook
Name aaa: {"'Sheet1'!$A$1:$I$153"}
Name aaaa: {"'帳票一覧'!$A$1:$E$86"}
Name aaaa: {"'帳票一覧'!$A$1:$E$86"}
Name aaaa: {"'帳票一覧'!$A$1:$E$86"}
Name aaaa: {"'帳票一覧'!$A$1:$E$86"}
Name aaaa: {"'帳票一覧'!$A$1:$E$86"}
Name HTML_CodePage: 932
Name HTML_Control: {"'帳票一覧'!$A$1:$E$86"}
Name HTML_Control: {"'帳票一覧'!$A$1:$E$86"}
Name HTML_Control: {"'帳票一覧'!$A$1:$E$86"}
Name HTML_Control: {"'帳票一覧'!$A$1:$E$86"}
Name HTML_Control: {"'帳票一覧'!$A$1:$E$86"}
Name HTML_Control2: {"'Sheet1'!$A$1:$I$153"}
Name HTML_Description: ""
Name HTML_Email: ""
Name HTML_Header: "帳票一覧"
Name HTML_LastUpdate: "99/01/14"
Name HTML_LineAfter: FALSE
Name HTML_LineBefore: FALSE
Name HTML_Name: "北澤真弓"
Name HTML_OBDlg2: TRUE
Name HTML_OBDlg4: TRUE
Name HTML_OS: 0
Name HTML_PathFile: "C:\USR\LISTVIEW帳票\帳票一覧.htm"
Name HTML_Title: "総括表"
Name SAPBEXrevision: 1
Name SAPBEXsysID: "HA3"
Name SAPBEXwbID: "3UO1SYYEF96FKJ4L64UVYYKHM"
Name SSSS: {"'Sheet1'!$A$1:$I$153"}
Name あ: {"'Sheet1'!$A$1:$I$153"}
Name A: #REF!
Name A: #REF!
Name A: #REF!
Name A: #REF!
Name A: #REF!

Sheet Cover
B8: FUNCTIONAL SPECIFICATION
I11: Module | N11: SD | U11: Module Name | Z11: Sales Order / Email Integration
I12: Function ID | N12: ZFM_DEMO_SEND_EMAIL
I13: Function Name | N13: Send Sales Order Email via SendGrid
I14: Created Date | N14: 46122 | U14: Last Update Date | Z14: 2026-04-21
U18: Approver | Z18: Reviewer | AE18: Creator
Z19: DucNM | AE19: DatNV

Sheet Histories
B2: No | C2: Version | D2: Description | E2: Sheet | F2: Modified date | G2: Modified by
B3: 1 | C3: 1.0 | D3: Initial draft prepared from provided ABAP source code. | E3: All | F3: 46122 | G3: DatNV
B4: =B3+1 -> 2
B5: =B4+1 -> 3
B6: =B5+1 -> 4
B7: =B6+1 -> 5
B8: =B7+1 -> 6
B9: =B8+1 -> 7
B10: =B9+1 -> 8
B11: =B10+1 -> 9
B12: =B11+1 -> 10
B13: =B12+1 -> 11
B14: =B13+1 -> 12
B15: =B14+1 -> 13
... B27: =B26+1 -> 25

Sheet Function Overview
B2: Function Overview | AQ2: Created by: | AV2: DatNV | AY2: Created date: | BD2: 46122
B3: Function ID | F3: =Cover!N12 -> ZFM_DEMO_SEND_EMAIL | P3: Function Name | U3: =Cover!N13 -> Send Sales Order Email via SendGrid | AQ3: Modified by: | AV3: DatNV | AY3: Modified date: | BD3: 46133
AQ4: Reviewed by: | AV4: DucNM | AY4: Reviewed date: | BD4: 46134
B5: Processing Time | H5: Processing Type | P5: Function Type | V5: Business Requirement:
B6: Online / On-demand | H6: Synchronous | P6: Outbound Integration | V6: Send order email via SendGrid.
H10: Multilingual
H11: No
B14: Function Overview
B15: - Purpose: Send an order-related HTML email to the customer email address stored in SAP master data.
B16: - Entry point: Function module ZFM_DEMO_SEND_EMAIL( IV_ORDER_ID, IV_CONTENT ).
B17: - Source tables: VBAK (sales order), KNA1 (customer address number), ADR6 (SMTP email address).
B18: - External interface: SendGrid Mail Send API over HTTPS POST (/v3/mail/send).
B19: - Core logic: validate order -> derive customer email -> escape HTML for JSON -> build payload -> send request -> capture HTTP status and response body.
B20: - Preconditions: valid order exists, customer address/email is maintained, outbound HTTPS / SSL / proxy are configured, API credential is available.
B21: - Postcondition: email request is submitted to SendGrid and technical response is available in runtime variables LV_STATUS and LV_RESPONSE.
B22: - Exit behavior: processing stops via CHECK when order, address, or email cannot be found.
B23: - Error behavior: technical failures during HTTP client creation, send, or receive are written with WRITE statements.
B24: - Important note: the current implementation hard-codes the API key; this should be replaced by secure configuration or a secret store.
B30: Supplement
... B36: 5) Consider success criterion HTTP 202 Accepted from SendGrid.

Sheet Function Flow
B2: Function Flow | AQ2: Created by: | AV2: DatNV | AY2: Created date: | BD2: 46122
B3: Function ID | F3: =Cover!N12 -> ZFM_DEMO_SEND_EMAIL | P3: Function Name | U3: =Cover!N13 -> Send Sales Order Email via SendGrid | AQ3: Modified by: | AV3: DatNV | AY3: Modified date: | BD3: 46133
AQ4: Reviewed by: | AV4: DucNM | AY4: Reviewed date: | BD4: 46134
B5: Screen Flow
B6: Start
B7: 1. Receive import parameters IV_ORDER_ID and IV_CONTENT.
B8: 2. Read VBAK using VBELN = IV_ORDER_ID.
B9: 3. If order is not found, stop processing (CHECK).
B10: 4. Read KNA1 to get ADRNR from the order customer (KUNNR).
B11: 5. If ADRNR is not found, stop processing (CHECK).
B12: 6. Read ADR6 to get first non-empty SMTP_ADDR for the address number.
B13: 7. If email is not found, stop processing (implicit CHECK/business stop).
B14: 8. Escape IV_CONTENT with CL_ABAP_FORMAT=>E_JSON_STRING.
B15: 9. Build SendGrid JSON payload with to/from/subject/content.
B16: 10. Create HTTP client for https://api.sendgrid.com/v3/mail/send.
... B41: For productive use, convert WRITE-based messages into formal return parameters or exception handling.

Sheet Screen Layout
B2: Screen Layout | AQ2: Created by: | AV2: DatNV | AY2: Created date: | BD2: 46122
B3: Function ID | F3: =Cover!N12 -> ZFM_DEMO_SEND_EMAIL | P3: Function Name | U3: =Cover!N13 -> Send Sales Order Email via SendGrid | AQ3: Modified by: | AV3: DatNV | AY3: Modified date: | BD3: 46133
AQ4: Reviewed by: | AV4: DucNM | AY4: Reviewed date: | BD4: 46134
B5: Screen
B6: This function module does not use any Dynpro, Selection Screen, ALV, or dialog screen.
B7: Execution context is background/service logic and is intended to be called programmatically from ABAP.
B8: Input data is provided through import parameters only:
B9: - IV_ORDER_ID: sales order number used to determine sold-to customer and recipient email.
B10: - IV_CONTENT: HTML email body that will be embedded in the SendGrid payload.
B11: Output is technical only:
B12: - LV_STATUS stores the HTTP status code.
B13: - LV_RESPONSE stores the raw response body.
B14: - WRITE statements are used for technical error feedback in the current implementation.
B33: Supplement
B34: Supplement:
B35: If end users need monitoring, create an application log (BAL) or a custom monitor report instead of relying on WRITE output.

Sheet Processing Description
B2: Processing Description | AQ2: Created by: | AV2: DatNV | AY2: Created date: | BD2: 46122
B3: Function ID | F3: =Cover!N12 -> ZFM_DEMO_SEND_EMAIL | P3: Function Name | U3: =Cover!N13 -> Send Sales Order Email via SendGrid | AQ3: Modified by: | AV3: DatNV | AY3: Modified date: | BD3: 46133
AQ4: Reviewed by: | AV4: DucNM | AY4: Reviewed date: | BD4: 46134
B5: 1. Function receives IV_ORDER_ID (optional in interface but effectively required) and IV_CONTENT.
B6: 2. System selects order header from VBAK by VBELN and reads VKORG, NETWR, WAERK, KUNNR.
B7: 3. If no order is found, CHECK stops execution immediately without further processing.
B8: 4. System reads KNA1 by customer number to obtain ADRNR.
B9: 5. If ADRNR is missing, CHECK stops execution.
B10: 6. System reads ADR6 using ADDRNUMBER = ADRNR and takes the first non-blank SMTP_ADDR.
B11: 7. The HTML content is escaped with ESCAPE( ... format = CL_ABAP_FORMAT=>E_JSON_STRING ) so it can be embedded safely in JSON.
B12: 8. JSON payload is built for SendGrid Mail Send API using recipient email, sender email, subject, and HTML content.
B13: 9. HTTP client is created by URL for the SendGrid endpoint.
B14: 10. If HTTP client creation fails, the function writes a technical error and returns.
B15: 11. Request method is set to POST.
B16: 12. Authorization and Content-Type headers are set.
... B22: 18. Current technical gap: no explicit success message or export parameter is returned to the caller.

Sheet Screen Definition
B2: Screen Layout | AQ2: Created by: | AV2: OpenAI | AY2: Created date: | BD2: 46122
B3: Function ID | F3: =Cover!N12 -> ZFM_DEMO_SEND_EMAIL | P3: Function Name | U3: =Cover!N13 -> Send Sales Order Email via SendGrid | AQ3: Modified by: | AV3: OpenAI | AY3: Modified date: | BD3: 46133
AQ4: Reviewed by: | AV4: Draft | AY4: Reviewed date: | BD4: 46134
B5: Page Title
C7: Background Email Service - ZFM_DEMO_SEND_EMAIL
B9: 1. Function Interface
B10: No | R10: Screen Items | AW10: Remarks
C11: Name | I11: Type | M11: I/O | O11: Multi/Single | R11: Data Type | U11: Length | X11: Decimal | AA11: Required | AE11: Default Value | AI11: Format | AM11: Align | AQ11: F4(Search help)
B12: 1.1 Import Parameters
B13: 1 | C13: IV_ORDER_ID | I13: Parameter | M13: I | O13: Single | R13: VBELN | U13: 10 | X13: 0 | AA13: Yes* | AI13: Sales order no. | AM13: Left | AQ13: No | AW13: Interface marks it optional, but business processing depends on it.
B14: 2 | C14: IV_CONTENT | I14: Parameter | M14: I | O14: Single | R14: STRING | U14: Variable | X14: 0 | AA14: Yes | AI14: HTML content | AM14: Left | AQ14: No | AW14: HTML email body; escaped before it is embedded into JSON.
B18: 1.2 Runtime / Derived Fields
C19: LS_VBAK-VBELN | I19: Derived field | M19: O | O19: Single | R19: VBELN | U19: 10 | X19: 0 | AA19: N/A | AI19: Sales order no. | AM19: Left | AQ19: No | AW19: Order number read from VBAK.
C20: LS_VBAK-KUNNR | I20: Derived field | M20: O | O20: Single | R20: KUNNR | U20: 10 | X20: 0 | AA20: N/A | AI20: Customer no. | AM20: Left | AQ20: No | AW20: Customer used for address lookup.
C21: LV_ADRNR | I21: Derived field | M21: O | O21: Single | R21: ADRNR | U21: 10 | X21: 0 | AA21: N/A | AI21: Address no. | AM21: Left | AQ21: No | AW21: Address number from KNA1.
C22: LV_EMAIL | I22: Derived field | M22: O | O22: Single | R22: SMTP_ADDR | U22: 241 | X22: 0 | AA22: N/A | AI22: Email | AM22: Left | AQ22: No | AW22: Recipient email resolved from ADR6.
C23: LV_PAYLOAD | I23: Runtime var | M23: O | O23: Single | R23: STRING | U23: Variable | X23: 0 | AA23: N/A | AI23: JSON | AM23: Left | AQ23: No | AW23: SendGrid mail payload generated in JSON format.
C24: LV_STATUS | I24: Runtime var | M24: O | O24: Single | R24: I | U24: 4 | X24: 0 | AA24: N/A | AI24: Integer | AM24: Left | AQ24: No | AW24: HTTP response status code.
M25: O | O25: Single | R25: STRING | U25: Variable | X25: 0 | AA25: N/A | AI25: Text | AM25: Left | AQ25: No | AW25: Raw HTTP response body from SendGrid.
B26: 2. Output / Feedback
B27: No | R27: Screen Items | AW27: Remarks
C28: Name | I28: Type | M28: I/O | O28: Multi/Single | R28: Length | U28: Length | X28: Decimal | AA28: Required | AE28: Default Value | AI28: Format | AM28: Align | AQ28: F4(Search help)
C29: WRITE error text | I29: Feedback | M29: O | O29: Single | R29: TEXT | U29: Variable | X29: 0 | AA29: N/A | AI29: Text | AM29: Left | AQ29: No | AW29: Displayed when create/send/receive fails.
C30: HTTP status code | I30: Feedback | M30: O | O30: Single | R30: I | U30: 4 | X30: 0 | AA30: N/A | AI30: Integer | AM30: Left | AQ30: No | AW30: Available after successful RECEIVE.
C31: HTTP response body | I31: Feedback | M31: O | O31: Single | R31: STRING | U31: Variable | X31: 0 | AA31: N/A | AI31: Text | AM31: Left | AQ31: No | AW31: Available after successful RECEIVE.
B35: Supplement
B36: No SAP GUI screen exists for this function; this section is used to document interface/runtime fields instead.

Sheet Message Definition
B2: Message Definition | AQ2: Created by: | AV2: DatNV | AY2: Created date: | BD2: 2026-04-21
B3: Function ID | F3: =Cover!N12 -> ZFM_DEMO_SEND_EMAIL | P3: Function Name | U3: =Cover!N13 -> Send Sales Order Email via SendGrid | AQ3: Modified by: | AV3: DatNV | AY3: Modified date: | BD3: 2026-04-21
AQ4: Reviewed by: | AV4: DucNM | AY4: Reviewed date: | BD4: 2026-04-21
B5: Message ID | F5: Language | J5: Message | AG5: Output Timing
B6: MSG-001 | F6: EN | J6: Invalid/missing order; stop. | AG6: After VBAK select
B7: MSG-002 | F7: EN | J7: HTTP client creation failed. | AG7: On create_by_url
B8: MSG-003 | F8: EN | J8: Send request failed. | AG8: On SEND
B9: MSG-004 | F9: EN | J9: Receive response failed. | AG9: On RECEIVE
B10: MSG-005 | F10: EN | J10: No SAP message class; WRITE/CHECK used. | AG10: General note

Sheet Source Code
B1: FUNCTION zfm_g9_send_email.
B2: *"----------------------------------------------------------------------
B3: *"*"Local Interface:
B4: *" IMPORTING
B5: *" VALUE(IV_EMAIL) TYPE AD_SMTPADR
B6: *" VALUE(IV_CONTENT) TYPE STRING
B7: *" VALUE(IV_SUBJECT) TYPE STRING
B8: *" EXPORTING
B9: *" REFERENCE(EV_STATUS) TYPE INT4
B10: *" REFERENCE(EV_RESPONSE) TYPE STRING
B11: *" EXCEPTIONS
B12: *" SEND_EMAIL_API_ERROR
... B105: ENDFUNCTION.
